{
    "model_name": "knn.joblib",
    "saved_at": "2025-12-11T08:27:47.524655Z",
    "cv_accuracy": 0.8279187740391896,
    "cv_f1": 0.8507617480935856,
    "cv_precision": 0.8644728178243202,
    "cv_recall": 0.8375240125430224
}