{
    "model_name": "knn_1.joblib",
    "saved_at": "2025-12-11T09:36:58.501712Z",
    "cv_accuracy": 0.8253533477829782,
    "cv_f1": 0.8485711216214517,
    "cv_precision": 0.8621123206298892,
    "cv_recall": 0.8355039223624532
}