{
    "model_name": "mlp.joblib",
    "saved_at": "2025-12-11T08:42:19.464207Z",
    "cv_accuracy": 0.8427909789313223,
    "cv_f1": 0.8639822620664445,
    "cv_precision": 0.8758378459264794,
    "cv_recall": 0.8525615144852134
}