{
    "model_name": "mlp_1.joblib",
    "saved_at": "2025-12-11T09:51:05.061377Z",
    "cv_accuracy": 0.8414173015570017,
    "cv_f1": 0.8628066048166378,
    "cv_precision": 0.8740022015021799,
    "cv_recall": 0.8523610451027677
}