{
    "model_name": "svm_1.joblib",
    "saved_at": "2025-12-12T15:43:34.369518Z",
    "cv_accuracy": 0.8439749652250045,
    "cv_f1": 0.866046442428884,
    "cv_precision": 0.8709322145033781,
    "cv_recall": 0.861247000287503
}