{
    "model_name": "svm.joblib",
    "saved_at": "2025-12-11T08:40:35.824194Z",
    "cv_accuracy": 0.843464792997971,
    "cv_f1": 0.8657380096435905,
    "cv_precision": 0.8698774461543322,
    "cv_recall": 0.8616894589644473
}